{"R-Square Score(LR)": 0.8420039560601401, "Adjusted R-Square Score(LR)": 0.8398396266911009, "R-Square Score(L1)": 0.8421260048013872, "R-Square Score(L2)": 0.8420052440644521, "R-Square Score(Elastic Net)": 0.8419586493164081}